,Unnamed: 0,Loan_ID,Gender,Married,Dependents,Education,Self_Employed,ApplicantIncome,CoapplicantIncome,LoanAmount,Loan_Amount_Term,Credit_History,Property_Area,Loan_Status
0,0,LP001002,Male,No,0,Graduate,No,5849,0.0,,360.0,1.0,Urban,Y
1,1,LP001003,Male,Yes,1,Graduate,No,4583,1508.0,128.0,360.0,1.0,Rural,Y
2,2,LP001005,Male,Yes,0,Graduate,Yes,3000,0.0,66.0,360.0,1.0,Urban,Y
3,3,LP001006,Male,Yes,0,Not Graduate,No,2583,2358.0,120.0,360.0,1.0,Urban,Y
4,4,LP001008,Male,No,0,Graduate,No,6000,0.0,141.0,360.0,1.0,Urban,Y
5,5,LP001011,Male,Yes,2,Graduate,Yes,5417,4196.0,267.0,360.0,1.0,Urban,Y
6,6,LP001013,Male,Yes,0,Not Graduate,No,2333,1516.0,95.0,360.0,1.0,Urban,Y
7,7,LP001014,Male,Yes,3+,Graduate,No,3036,2504.0,158.0,360.0,0.0,Semiurban,N
8,8,LP001018,Male,Yes,2,Graduate,No,4006,1526.0,168.0,360.0,1.0,Urban,Y
9,9,LP001020,Male,Yes,1,Graduate,No,12841,10968.0,349.0,360.0,1.0,Semiurban,Y
10,10,LP001024,Male,Yes,2,Graduate,No,3200,700.0,70.0,360.0,1.0,Urban,Y
11,11,LP001027,Male,Yes,2,Graduate,,2500,1840.0,109.0,360.0,1.0,Urban,Y
12,12,LP001028,Male,Yes,2,Graduate,No,3073,8106.0,200.0,360.0,1.0,Urban,Y
13,13,LP001029,Male,No,0,Graduate,No,1853,2840.0,114.0,360.0,1.0,Rural,Y
14,14,LP001030,Male,Yes,2,Graduate,No,1299,1086.0,17.0,120.0,1.0,Urban,Y
15,15,LP001032,Male,No,0,Graduate,No,4950,0.0,125.0,360.0,1.0,Urban,Y
16,16,LP001034,Male,No,1,Not Graduate,No,3596,0.0,100.0,240.0,,Urban,N
17,17,LP001036,Female,No,0,Graduate,No,3510,0.0,76.0,360.0,0.0,Urban,N
18,18,LP001038,Male,Yes,0,Not Graduate,No,4887,0.0,133.0,360.0,1.0,Rural,N
19,19,LP001041,Male,Yes,0,Graduate,,2600,3500.0,115.0,,1.0,Urban,Y
20,20,LP001043,Male,Yes,0,Not Graduate,No,7660,0.0,104.0,360.0,0.0,Urban,Y
21,21,LP001046,Male,Yes,1,Graduate,No,5955,5625.0,315.0,360.0,1.0,Urban,Y
22,22,LP001047,Male,Yes,0,Not Graduate,No,2600,1911.0,116.0,360.0,0.0,Semiurban,N
23,23,LP001050,,Yes,2,Not Graduate,No,3365,1917.0,112.0,360.0,0.0,Rural,Y
24,24,LP001052,Male,Yes,1,Graduate,,3717,2925.0,151.0,360.0,,Semiurban,Y
25,25,LP001066,Male,Yes,0,Graduate,Yes,9560,0.0,191.0,360.0,1.0,Semiurban,Y
26,26,LP001068,Male,Yes,0,Graduate,No,2799,2253.0,122.0,360.0,1.0,Semiurban,Y
27,27,LP001073,Male,Yes,2,Not Graduate,No,4226,1040.0,110.0,360.0,1.0,Urban,Y
28,28,LP001086,Male,No,0,Not Graduate,No,1442,0.0,35.0,360.0,1.0,Urban,N
29,29,LP001087,Female,No,2,Graduate,,3750,2083.0,120.0,360.0,1.0,Semiurban,Y
30,30,LP001091,Male,Yes,1,Graduate,,4166,3369.0,201.0,360.0,,Urban,Y
31,31,LP001095,Male,No,0,Graduate,No,3167,0.0,74.0,360.0,1.0,Urban,Y
32,32,LP001097,Male,No,1,Graduate,Yes,4692,0.0,106.0,360.0,1.0,Rural,Y
33,33,LP001098,Male,Yes,0,Graduate,No,3500,1667.0,114.0,360.0,1.0,Semiurban,Y
34,34,LP001100,Male,No,3+,Graduate,No,12500,3000.0,320.0,360.0,1.0,Rural,Y
35,35,LP001106,Male,Yes,0,Graduate,No,2275,2067.0,,360.0,1.0,Urban,N
36,36,LP001109,Male,Yes,0,Graduate,No,1828,1330.0,100.0,,0.0,Urban,N
37,37,LP001112,Female,Yes,0,Graduate,No,3667,1459.0,144.0,360.0,1.0,Semiurban,Y
38,38,LP001114,Male,No,0,Graduate,No,4166,7210.0,184.0,360.0,1.0,Urban,Y
39,39,LP001116,Male,No,0,Not Graduate,No,3748,1668.0,110.0,360.0,1.0,Semiurban,Y
40,40,LP001119,Male,No,0,Graduate,No,3600,0.0,80.0,360.0,1.0,Urban,Y
41,41,LP001120,Male,No,0,Graduate,No,1800,1213.0,47.0,360.0,1.0,Urban,Y
42,42,LP001123,Male,Yes,0,Graduate,No,2400,0.0,75.0,360.0,,Urban,N
43,43,LP001131,Male,Yes,0,Graduate,No,3941,2336.0,134.0,360.0,1.0,Semiurban,Y
44,44,LP001136,Male,Yes,0,Not Graduate,Yes,4695,0.0,96.0,,1.0,Urban,Y
45,45,LP001137,Female,No,0,Graduate,No,3410,0.0,88.0,,1.0,Urban,N
46,46,LP001138,Male,Yes,1,Graduate,No,5649,0.0,44.0,360.0,1.0,Urban,Y
47,47,LP001144,Male,Yes,0,Graduate,No,5821,0.0,144.0,360.0,1.0,Urban,Y
48,48,LP001146,Female,Yes,0,Graduate,No,2645,3440.0,120.0,360.0,0.0,Urban,Y
49,49,LP001151,Female,No,0,Graduate,No,4000,2275.0,144.0,360.0,1.0,Semiurban,Y
50,50,LP001155,Female,Yes,0,Not Graduate,No,1928,1644.0,100.0,360.0,1.0,Semiurban,N
51,51,LP001157,Female,No,0,Graduate,No,3086,0.0,120.0,360.0,1.0,Semiurban,N
52,52,LP001164,Female,No,0,Graduate,No,4230,0.0,112.0,360.0,1.0,Semiurban,Y
53,53,LP001179,Male,Yes,2,Graduate,No,4616,0.0,134.0,360.0,1.0,Urban,Y
54,54,LP001186,Female,Yes,1,Graduate,Yes,11500,0.0,286.0,360.0,0.0,Urban,Y
55,55,LP001194,Male,Yes,2,Graduate,No,2708,1167.0,97.0,360.0,1.0,Semiurban,Y
56,56,LP001195,Male,Yes,0,Graduate,No,2132,1591.0,96.0,360.0,1.0,Semiurban,N
57,57,LP001197,Male,Yes,0,Graduate,No,3366,2200.0,135.0,360.0,1.0,Rural,Y
58,58,LP001198,Male,Yes,1,Graduate,No,8080,2250.0,180.0,360.0,1.0,Urban,Y
59,59,LP001199,Male,Yes,2,Not Graduate,No,3357,2859.0,144.0,360.0,1.0,Urban,Y
60,60,LP001205,Male,Yes,0,Graduate,No,2500,3796.0,120.0,360.0,1.0,Urban,Y
61,61,LP001206,Male,Yes,3+,Graduate,No,3029,0.0,99.0,360.0,1.0,Urban,N
62,62,LP001207,Male,Yes,0,Not Graduate,Yes,2609,3449.0,165.0,180.0,0.0,Rural,N
63,63,LP001213,Male,Yes,1,Graduate,No,4945,0.0,,360.0,0.0,Rural,N
64,64,LP001222,Female,No,0,Graduate,No,4166,0.0,116.0,360.0,0.0,Semiurban,N
65,65,LP001225,Male,Yes,0,Graduate,No,5726,4595.0,258.0,360.0,1.0,Semiurban,Y
66,66,LP001228,Male,No,0,Not Graduate,No,3200,2254.0,126.0,180.0,0.0,Urban,N
67,67,LP001233,Male,Yes,1,Graduate,No,10750,0.0,312.0,360.0,1.0,Urban,Y
68,68,LP001238,Male,Yes,3+,Not Graduate,Yes,7100,0.0,125.0,60.0,1.0,Urban,Y
69,69,LP001241,Female,No,0,Graduate,No,4300,0.0,136.0,360.0,0.0,Semiurban,N
70,70,LP001243,Male,Yes,0,Graduate,No,3208,3066.0,172.0,360.0,1.0,Urban,Y
71,71,LP001245,Male,Yes,2,Not Graduate,Yes,1875,1875.0,97.0,360.0,1.0,Semiurban,N
72,72,LP001248,Male,No,0,Graduate,No,3500,0.0,81.0,300.0,1.0,Semiurban,Y
73,73,LP001250,Male,Yes,3+,Not Graduate,No,4755,0.0,95.0,,0.0,Semiurban,N
74,74,LP001253,Male,Yes,3+,Graduate,Yes,5266,1774.0,187.0,360.0,1.0,Semiurban,Y
75,75,LP001255,Male,No,0,Graduate,No,3750,0.0,113.0,480.0,1.0,Urban,Y
76,76,LP001256,Male,No,0,Graduate,No,3750,4750.0,176.0,360.0,1.0,Urban,Y
77,77,LP001259,Male,Yes,1,Graduate,Yes,1000,3022.0,110.0,360.0,1.0,Urban,N
78,78,LP001263,Male,Yes,3+,Graduate,No,3167,4000.0,180.0,300.0,0.0,Semiurban,Y
79,79,LP001264,Male,Yes,3+,Not Graduate,Yes,3333,2166.0,130.0,360.0,,Semiurban,Y
80,80,LP001265,Female,No,0,Graduate,No,3846,0.0,111.0,360.0,1.0,Semiurban,N
81,81,LP001266,Male,Yes,1,Graduate,Yes,2395,0.0,,360.0,1.0,Semiurban,N
82,82,LP001267,Female,Yes,2,Graduate,No,1378,1881.0,167.0,360.0,1.0,Urban,N
83,83,LP001273,Male,Yes,0,Graduate,No,6000,2250.0,265.0,360.0,,Semiurban,Y
84,84,LP001275,Male,Yes,1,Graduate,No,3988,0.0,50.0,240.0,1.0,Urban,Y
85,85,LP001279,Male,No,0,Graduate,No,2366,2531.0,136.0,360.0,1.0,Semiurban,Y
86,86,LP001280,Male,Yes,2,Not Graduate,No,3333,2000.0,99.0,360.0,,Semiurban,Y
87,87,LP001282,Male,Yes,0,Graduate,No,2500,2118.0,104.0,360.0,1.0,Semiurban,Y
88,88,LP001289,Male,No,0,Graduate,No,8566,0.0,210.0,360.0,1.0,Urban,Y
89,89,LP001310,Male,Yes,0,Graduate,No,5695,4167.0,175.0,360.0,1.0,Semiurban,Y
90,90,LP001316,Male,Yes,0,Graduate,No,2958,2900.0,131.0,360.0,1.0,Semiurban,Y
91,91,LP001318,Male,Yes,2,Graduate,No,6250,5654.0,188.0,180.0,1.0,Semiurban,Y
92,92,LP001319,Male,Yes,2,Not Graduate,No,3273,1820.0,81.0,360.0,1.0,Urban,Y
93,93,LP001322,Male,No,0,Graduate,No,4133,0.0,122.0,360.0,1.0,Semiurban,N
94,94,LP001325,Male,No,0,Not Graduate,No,3620,0.0,25.0,120.0,1.0,Semiurban,Y
95,95,LP001326,Male,No,0,Graduate,,6782,0.0,,360.0,,Urban,Y
96,96,LP001327,Female,Yes,0,Graduate,No,2484,2302.0,137.0,360.0,1.0,Semiurban,Y
97,97,LP001333,Male,Yes,0,Graduate,No,1977,997.0,50.0,360.0,1.0,Semiurban,Y
98,98,LP001334,Male,Yes,0,Not Graduate,No,4188,0.0,115.0,180.0,1.0,Semiurban,N
99,99,LP001343,Male,Yes,0,Graduate,No,1759,3541.0,131.0,360.0,1.0,Semiurban,Y
100,100,LP001345,Male,Yes,2,Not Graduate,No,4288,3263.0,133.0,180.0,1.0,Urban,Y
101,101,LP001349,Male,No,0,Graduate,No,4843,3806.0,151.0,360.0,1.0,Semiurban,Y
102,102,LP001350,Male,Yes,,Graduate,No,13650,0.0,,360.0,1.0,Urban,Y
103,103,LP001356,Male,Yes,0,Graduate,No,4652,3583.0,,360.0,1.0,Semiurban,Y
104,104,LP001357,Male,,,Graduate,No,3816,754.0,160.0,360.0,1.0,Urban,N
105,105,LP001367,Male,Yes,1,Graduate,No,3052,1030.0,100.0,360.0,1.0,Urban,Y
106,106,LP001369,Male,Yes,2,Graduate,No,11417,1126.0,225.0,360.0,1.0,Urban,Y
107,107,LP001370,Male,No,0,Not Graduate,,7333,0.0,120.0,360.0,1.0,Rural,Y
108,108,LP001379,Male,Yes,2,Graduate,No,3800,3600.0,216.0,360.0,0.0,Urban,N
109,109,LP001384,Male,Yes,3+,Not Graduate,No,2071,754.0,94.0,480.0,1.0,Semiurban,N
110,110,LP001385,Male,No,0,Graduate,No,5316,0.0,136.0,360.0,1.0,Urban,Y
111,111,LP001387,Female,Yes,0,Graduate,,2929,2333.0,139.0,360.0,1.0,Semiurban,Y
112,112,LP001391,Male,Yes,0,Not Graduate,No,3572,4114.0,152.0,,0.0,Rural,Y
113,113,LP001392,Female,No,1,Graduate,Yes,7451,0.0,,360.0,1.0,Semiurban,Y
114,114,LP001398,Male,No,0,Graduate,,5050,0.0,118.0,360.0,1.0,Semiurban,Y
115,115,LP001401,Male,Yes,1,Graduate,No,14583,0.0,185.0,180.0,1.0,Rural,Y
116,116,LP001404,Female,Yes,0,Graduate,No,3167,2283.0,154.0,360.0,1.0,Semiurban,Y
117,117,LP001405,Male,Yes,1,Graduate,No,2214,1398.0,85.0,360.0,,Urban,Y
118,118,LP001421,Male,Yes,0,Graduate,No,5568,2142.0,175.0,360.0,1.0,Rural,Y
119,119,LP001422,Female,No,0,Graduate,No,10408,0.0,259.0,360.0,1.0,Urban,Y
120,120,LP001426,Male,Yes,,Graduate,No,5667,2667.0,180.0,360.0,1.0,Rural,Y
121,121,LP001430,Female,No,0,Graduate,No,4166,0.0,44.0,360.0,1.0,Semiurban,Y
122,122,LP001431,Female,No,0,Graduate,No,2137,8980.0,137.0,360.0,0.0,Semiurban,Y
123,123,LP001432,Male,Yes,2,Graduate,No,2957,0.0,81.0,360.0,1.0,Semiurban,N
124,124,LP001439,Male,Yes,0,Not Graduate,No,4300,2014.0,194.0,360.0,1.0,Rural,N
125,125,LP001443,Female,No,0,Graduate,No,3692,0.0,93.0,360.0,,Rural,Y
126,126,LP001448,,Yes,3+,Graduate,No,23803,0.0,370.0,360.0,1.0,Rural,Y
127,127,LP001449,Male,No,0,Graduate,No,3865,1640.0,,360.0,1.0,Rural,Y
128,128,LP001451,Male,Yes,1,Graduate,Yes,10513,3850.0,160.0,180.0,0.0,Urban,Y
129,129,LP001465,Male,Yes,0,Graduate,No,6080,2569.0,182.0,360.0,,Rural,Y
130,130,LP001469,Male,No,0,Graduate,Yes,20166,0.0,650.0,480.0,,Urban,Y
131,131,LP001473,Male,No,0,Graduate,No,2014,1929.0,74.0,360.0,1.0,Urban,Y
132,132,LP001478,Male,No,0,Graduate,No,2718,0.0,70.0,360.0,1.0,Semiurban,Y
133,133,LP001482,Male,Yes,0,Graduate,Yes,3459,0.0,25.0,120.0,1.0,Semiurban,Y
134,134,LP001487,Male,No,0,Graduate,No,4895,0.0,102.0,360.0,1.0,Semiurban,Y
135,135,LP001488,Male,Yes,3+,Graduate,No,4000,7750.0,290.0,360.0,1.0,Semiurban,Y
136,136,LP001489,Female,Yes,0,Graduate,No,4583,0.0,84.0,360.0,1.0,Rural,Y
137,137,LP001491,Male,Yes,2,Graduate,Yes,3316,3500.0,88.0,360.0,1.0,Urban,Y
138,138,LP001492,Male,No,0,Graduate,No,14999,0.0,242.0,360.0,0.0,Semiurban,Y
139,139,LP001493,Male,Yes,2,Not Graduate,No,4200,1430.0,129.0,360.0,1.0,Rural,Y
140,140,LP001497,Male,Yes,2,Graduate,No,5042,2083.0,185.0,360.0,1.0,Rural,Y
141,141,LP001498,Male,No,0,Graduate,No,5417,0.0,168.0,360.0,1.0,Urban,Y
142,142,LP001504,Male,No,0,Graduate,Yes,6950,0.0,175.0,180.0,1.0,Semiurban,Y
143,143,LP001507,Male,Yes,0,Graduate,No,2698,2034.0,122.0,360.0,1.0,Semiurban,Y
144,144,LP001508,Male,Yes,2,Graduate,No,11757,0.0,187.0,180.0,1.0,Urban,Y
145,145,LP001514,Female,Yes,0,Graduate,No,2330,4486.0,100.0,360.0,1.0,Semiurban,Y
146,146,LP001516,Female,Yes,2,Graduate,No,14866,0.0,70.0,360.0,1.0,Urban,Y
147,147,LP001518,Male,Yes,1,Graduate,No,1538,1425.0,30.0,360.0,1.0,Urban,Y
148,148,LP001519,Female,No,0,Graduate,No,10000,1666.0,225.0,360.0,1.0,Rural,Y
149,149,LP001520,Male,Yes,0,Graduate,No,4860,830.0,125.0,360.0,1.0,Semiurban,Y
150,150,LP001528,Male,No,0,Graduate,No,6277,0.0,118.0,360.0,0.0,Rural,Y
151,151,LP001529,Male,Yes,0,Graduate,Yes,2577,3750.0,152.0,360.0,1.0,Rural,Y
152,152,LP001531,Male,No,0,Graduate,No,9166,0.0,244.0,360.0,1.0,Urban,Y
153,153,LP001532,Male,Yes,2,Not Graduate,No,2281,0.0,113.0,360.0,1.0,Rural,N
154,154,LP001535,Male,No,0,Graduate,No,3254,0.0,50.0,360.0,1.0,Urban,Y
155,155,LP001536,Male,Yes,3+,Graduate,No,39999,0.0,600.0,180.0,0.0,Semiurban,Y
156,156,LP001541,Male,Yes,1,Graduate,No,6000,0.0,160.0,360.0,,Rural,Y
157,157,LP001543,Male,Yes,1,Graduate,No,9538,0.0,187.0,360.0,1.0,Urban,Y
158,158,LP001546,Male,No,0,Graduate,,2980,2083.0,120.0,360.0,1.0,Rural,Y
159,159,LP001552,Male,Yes,0,Graduate,No,4583,5625.0,255.0,360.0,1.0,Semiurban,Y
160,160,LP001560,Male,Yes,0,Not Graduate,No,1863,1041.0,98.0,360.0,1.0,Semiurban,N
161,161,LP001562,Male,Yes,0,Graduate,No,7933,0.0,275.0,360.0,1.0,Urban,Y
162,162,LP001565,Male,Yes,1,Graduate,No,3089,1280.0,121.0,360.0,0.0,Semiurban,N
163,163,LP001570,Male,Yes,2,Graduate,No,4167,1447.0,158.0,360.0,1.0,Rural,Y
164,164,LP001572,Male,Yes,0,Graduate,No,9323,0.0,75.0,180.0,1.0,Urban,Y
165,165,LP001574,Male,Yes,0,Graduate,No,3707,3166.0,182.0,,1.0,Rural,Y
166,166,LP001577,Female,Yes,0,Graduate,No,4583,0.0,112.0,360.0,1.0,Rural,Y
167,167,LP001578,Male,Yes,0,Graduate,No,2439,3333.0,129.0,360.0,1.0,Rural,Y
168,168,LP001579,Male,No,0,Graduate,No,2237,0.0,63.0,480.0,0.0,Semiurban,N
169,169,LP001580,Male,Yes,2,Graduate,No,8000,0.0,200.0,360.0,1.0,Semiurban,Y
170,170,LP001581,Male,Yes,0,Not Graduate,,1820,1769.0,95.0,360.0,1.0,Rural,N
171,171,LP001585,,Yes,3+,Graduate,No,51763,0.0,700.0,300.0,1.0,Urban,Y
172,172,LP001586,Male,Yes,3+,Not Graduate,No,3522,0.0,81.0,180.0,1.0,Rural,Y
173,173,LP001594,Male,Yes,0,Graduate,No,5708,5625.0,187.0,360.0,1.0,Semiurban,Y
174,174,LP001603,Male,Yes,0,Not Graduate,Yes,4344,736.0,87.0,360.0,1.0,Semiurban,Y
175,175,LP001606,Male,Yes,0,Graduate,No,3497,1964.0,116.0,360.0,1.0,Rural,Y
176,176,LP001608,Male,Yes,2,Graduate,No,2045,1619.0,101.0,360.0,1.0,Rural,N
177,177,LP001610,Male,Yes,3+,Graduate,No,5516,11300.0,495.0,360.0,0.0,Semiurban,Y
178,178,LP001616,Male,Yes,1,Graduate,No,3750,0.0,116.0,360.0,1.0,Semiurban,N
179,179,LP001630,Male,No,0,Not Graduate,No,2333,1451.0,102.0,480.0,0.0,Urban,N
180,180,LP001633,Male,Yes,1,Graduate,No,6400,7250.0,180.0,360.0,0.0,Urban,Y
181,181,LP001634,Male,No,0,Graduate,No,1916,5063.0,67.0,360.0,,Rural,Y
182,182,LP001636,Male,Yes,0,Graduate,No,4600,0.0,73.0,180.0,1.0,Semiurban,Y
183,183,LP001637,Male,Yes,1,Graduate,No,33846,0.0,260.0,360.0,1.0,Semiurban,Y
184,184,LP001639,Female,Yes,0,Graduate,No,3625,0.0,108.0,360.0,1.0,Semiurban,N
185,185,LP001640,Male,Yes,0,Graduate,Yes,39147,4750.0,120.0,360.0,1.0,Semiurban,Y
186,186,LP001641,Male,Yes,1,Graduate,Yes,2178,0.0,66.0,300.0,0.0,Rural,N
187,187,LP001643,Male,Yes,0,Graduate,No,2383,2138.0,58.0,360.0,,Rural,Y
188,188,LP001644,,Yes,0,Graduate,Yes,674,5296.0,168.0,360.0,1.0,Rural,N
189,189,LP001647,Male,Yes,0,Graduate,No,9328,0.0,188.0,180.0,1.0,Rural,Y
190,190,LP001653,Male,No,0,Not Graduate,No,4885,0.0,48.0,360.0,1.0,Rural,Y
191,191,LP001656,Male,No,0,Graduate,No,12000,0.0,164.0,360.0,1.0,Semiurban,Y
192,192,LP001657,Male,Yes,0,Not Graduate,No,6033,0.0,160.0,360.0,1.0,Urban,Y
193,193,LP001658,Male,No,0,Graduate,No,3858,0.0,76.0,360.0,1.0,Semiurban,Y
194,194,LP001664,Male,No,0,Graduate,No,4191,0.0,120.0,360.0,1.0,Rural,N
195,195,LP001665,Male,Yes,1,Graduate,No,3125,2583.0,170.0,360.0,1.0,Semiurban,Y
196,196,LP001666,Male,No,0,Graduate,No,8333,3750.0,187.0,360.0,1.0,Rural,Y
197,197,LP001669,Female,No,0,Not Graduate,No,1907,2365.0,120.0,,1.0,Urban,N
198,198,LP001671,Female,Yes,0,Graduate,No,3416,2816.0,113.0,360.0,,Semiurban,Y
199,199,LP001673,Male,No,0,Graduate,Yes,11000,0.0,83.0,360.0,1.0,Urban,Y
200,200,LP001674,Male,Yes,1,Not Graduate,No,2600,2500.0,90.0,360.0,1.0,Semiurban,Y
201,201,LP001677,Male,No,2,Graduate,No,4923,0.0,166.0,360.0,0.0,Semiurban,N
202,202,LP001682,Male,Yes,3+,Not Graduate,No,3992,0.0,,180.0,1.0,Urban,N
203,203,LP001688,Male,Yes,1,Not Graduate,No,3500,1083.0,135.0,360.0,1.0,Urban,N
204,204,LP001691,Male,Yes,2,Not Graduate,No,3917,0.0,124.0,360.0,1.0,Semiurban,N
205,205,LP001692,Female,No,0,Not Graduate,No,4408,0.0,120.0,360.0,1.0,Semiurban,N
206,206,LP001693,Female,No,0,Graduate,No,3244,0.0,80.0,360.0,1.0,Urban,N
207,207,LP001698,Male,No,0,Not Graduate,No,3975,2531.0,55.0,360.0,1.0,Rural,Y
208,208,LP001699,Male,No,0,Graduate,No,2479,0.0,59.0,360.0,1.0,Urban,N
209,209,LP001702,Male,No,0,Graduate,No,3418,0.0,127.0,360.0,1.0,Semiurban,N
210,210,LP001708,Female,No,0,Graduate,No,10000,0.0,214.0,360.0,1.0,Semiurban,Y
211,211,LP001711,Male,Yes,3+,Graduate,No,3430,1250.0,128.0,360.0,0.0,Semiurban,N
212,212,LP001713,Male,Yes,1,Graduate,Yes,7787,0.0,240.0,360.0,1.0,Urban,Y
213,213,LP001715,Male,Yes,3+,Not Graduate,Yes,5703,0.0,130.0,360.0,1.0,Rural,Y
214,214,LP001716,Male,Yes,0,Graduate,No,3173,3021.0,137.0,360.0,1.0,Urban,Y
215,215,LP001720,Male,Yes,3+,Not Graduate,No,3850,983.0,100.0,360.0,1.0,Semiurban,Y
216,216,LP001722,Male,Yes,0,Graduate,No,150,1800.0,135.0,360.0,1.0,Rural,N
217,217,LP001726,Male,Yes,0,Graduate,No,3727,1775.0,131.0,360.0,1.0,Semiurban,Y
218,218,LP001732,Male,Yes,2,Graduate,,5000,0.0,72.0,360.0,0.0,Semiurban,Y
219,219,LP001734,Female,Yes,2,Graduate,No,4283,2383.0,127.0,360.0,,Semiurban,Y
220,220,LP001736,Male,Yes,0,Graduate,No,2221,0.0,60.0,360.0,0.0,Urban,N
221,221,LP001743,Male,Yes,2,Graduate,No,4009,1717.0,116.0,360.0,1.0,Semiurban,Y
222,222,LP001744,Male,No,0,Graduate,No,2971,2791.0,144.0,360.0,1.0,Semiurban,Y
223,223,LP001749,Male,Yes,0,Graduate,No,7578,1010.0,175.0,,1.0,Semiurban,Y
224,224,LP001750,Male,Yes,0,Graduate,No,6250,0.0,128.0,360.0,1.0,Semiurban,Y
225,225,LP001751,Male,Yes,0,Graduate,No,3250,0.0,170.0,360.0,1.0,Rural,N
226,226,LP001754,Male,Yes,,Not Graduate,Yes,4735,0.0,138.0,360.0,1.0,Urban,N
227,227,LP001758,Male,Yes,2,Graduate,No,6250,1695.0,210.0,360.0,1.0,Semiurban,Y
228,228,LP001760,Male,,,Graduate,No,4758,0.0,158.0,480.0,1.0,Semiurban,N
229,229,LP001761,Male,No,0,Graduate,Yes,6400,0.0,200.0,360.0,1.0,Rural,Y
230,230,LP001765,Male,Yes,1,Graduate,No,2491,2054.0,104.0,360.0,1.0,Semiurban,Y
231,231,LP001768,Male,Yes,0,Graduate,,3716,0.0,42.0,180.0,1.0,Rural,Y
232,232,LP001770,Male,No,0,Not Graduate,No,3189,2598.0,120.0,,1.0,Rural,Y
233,233,LP001776,Female,No,0,Graduate,No,8333,0.0,280.0,360.0,1.0,Semiurban,Y
234,234,LP001778,Male,Yes,1,Graduate,No,3155,1779.0,140.0,360.0,1.0,Semiurban,Y
235,235,LP001784,Male,Yes,1,Graduate,No,5500,1260.0,170.0,360.0,1.0,Rural,Y
236,236,LP001786,Male,Yes,0,Graduate,,5746,0.0,255.0,360.0,,Urban,N
237,237,LP001788,Female,No,0,Graduate,Yes,3463,0.0,122.0,360.0,,Urban,N
238,238,LP001790,Female,No,1,Graduate,No,3812,0.0,112.0,360.0,1.0,Rural,N
239,239,LP001792,Male,Yes,1,Graduate,No,3315,0.0,96.0,360.0,1.0,Semiurban,N
240,240,LP001798,Male,Yes,2,Graduate,No,5819,5000.0,120.0,360.0,1.0,Rural,Y
241,241,LP001800,Male,Yes,1,Not Graduate,No,2510,1983.0,140.0,180.0,1.0,Urban,N
242,242,LP001806,Male,No,0,Graduate,No,2965,5701.0,155.0,60.0,1.0,Urban,Y
243,243,LP001807,Male,Yes,2,Graduate,Yes,6250,1300.0,108.0,360.0,1.0,Rural,Y
244,244,LP001811,Male,Yes,0,Not Graduate,No,3406,4417.0,123.0,360.0,1.0,Semiurban,Y
245,245,LP001813,Male,No,0,Graduate,Yes,6050,4333.0,120.0,180.0,1.0,Urban,Y
246,246,LP001814,Male,Yes,2,Graduate,No,9703,0.0,112.0,360.0,1.0,Urban,Y
247,247,LP001819,Male,Yes,1,Not Graduate,No,6608,0.0,137.0,180.0,1.0,Urban,Y
248,248,LP001824,Male,Yes,1,Graduate,No,2882,1843.0,123.0,480.0,1.0,Semiurban,Y
249,249,LP001825,Male,Yes,0,Graduate,No,1809,1868.0,90.0,360.0,1.0,Urban,Y
250,250,LP001835,Male,Yes,0,Not Graduate,No,1668,3890.0,201.0,360.0,0.0,Semiurban,N
251,251,LP001836,Female,No,2,Graduate,No,3427,0.0,138.0,360.0,1.0,Urban,N
252,252,LP001841,Male,No,0,Not Graduate,Yes,2583,2167.0,104.0,360.0,1.0,Rural,Y
253,253,LP001843,Male,Yes,1,Not Graduate,No,2661,7101.0,279.0,180.0,1.0,Semiurban,Y
254,254,LP001844,Male,No,0,Graduate,Yes,16250,0.0,192.0,360.0,0.0,Urban,Y
255,255,LP001846,Female,No,3+,Graduate,No,3083,0.0,255.0,360.0,1.0,Rural,N
256,256,LP001849,Male,No,0,Not Graduate,No,6045,0.0,115.0,360.0,0.0,Rural,Y
257,257,LP001854,Male,Yes,3+,Graduate,No,5250,0.0,94.0,360.0,1.0,Urban,Y
258,258,LP001859,Male,Yes,0,Graduate,No,14683,2100.0,304.0,360.0,1.0,Rural,Y
259,259,LP001864,Male,Yes,3+,Not Graduate,No,4931,0.0,128.0,360.0,,Semiurban,Y
260,260,LP001865,Male,Yes,1,Graduate,No,6083,4250.0,330.0,360.0,,Urban,Y
261,261,LP001868,Male,No,0,Graduate,No,2060,2209.0,134.0,360.0,1.0,Semiurban,N
262,262,LP001870,Female,No,1,Graduate,No,3481,0.0,155.0,36.0,1.0,Semiurban,N
263,263,LP001871,Female,No,0,Graduate,No,7200,0.0,120.0,360.0,1.0,Rural,Y
264,264,LP001872,Male,No,0,Graduate,Yes,5166,0.0,128.0,360.0,1.0,Semiurban,Y
265,265,LP001875,Male,No,0,Graduate,No,4095,3447.0,151.0,360.0,1.0,Rural,Y
266,266,LP001877,Male,Yes,2,Graduate,No,4708,1387.0,150.0,360.0,1.0,Semiurban,Y
267,267,LP001882,Male,Yes,3+,Graduate,No,4333,1811.0,160.0,360.0,0.0,Urban,N
268,268,LP001883,Female,No,0,Graduate,,3418,0.0,135.0,360.0,1.0,Rural,N
269,269,LP001884,Female,No,1,Graduate,No,2876,1560.0,90.0,360.0,1.0,Urban,Y
270,270,LP001888,Female,No,0,Graduate,No,3237,0.0,30.0,360.0,1.0,Urban,Y
271,271,LP001891,Male,Yes,0,Graduate,No,11146,0.0,136.0,360.0,1.0,Urban,Y
272,272,LP001892,Male,No,0,Graduate,No,2833,1857.0,126.0,360.0,1.0,Rural,Y
273,273,LP001894,Male,Yes,0,Graduate,No,2620,2223.0,150.0,360.0,1.0,Semiurban,N
274,274,LP001896,Male,Yes,2,Graduate,No,3900,0.0,90.0,360.0,1.0,Semiurban,Y
275,275,LP001900,Male,Yes,1,Graduate,No,2750,1842.0,115.0,360.0,1.0,Semiurban,Y
276,276,LP001903,Male,Yes,0,Graduate,No,3993,3274.0,207.0,360.0,1.0,Semiurban,Y
277,277,LP001904,Male,Yes,0,Graduate,No,3103,1300.0,80.0,360.0,1.0,Urban,Y
278,278,LP001907,Male,Yes,0,Graduate,No,14583,0.0,436.0,360.0,1.0,Semiurban,Y
279,279,LP001908,Female,Yes,0,Not Graduate,No,4100,0.0,124.0,360.0,,Rural,N
280,280,LP001910,Male,No,1,Not Graduate,Yes,4053,2426.0,158.0,360.0,0.0,Urban,N
281,281,LP001914,Male,Yes,0,Graduate,No,3927,800.0,112.0,360.0,1.0,Semiurban,Y
282,282,LP001915,Male,Yes,2,Graduate,No,2301,985.7999877999997,78.0,180.0,1.0,Urban,Y
283,283,LP001917,Female,No,0,Graduate,No,1811,1666.0,54.0,360.0,1.0,Urban,Y
284,284,LP001922,Male,Yes,0,Graduate,No,20667,0.0,,360.0,1.0,Rural,Y
285,285,LP001924,Male,No,0,Graduate,No,3158,3053.0,89.0,360.0,1.0,Rural,Y
286,286,LP001925,Female,No,0,Graduate,Yes,2600,1717.0,99.0,300.0,1.0,Semiurban,Y
287,287,LP001926,Male,Yes,0,Graduate,No,3704,2000.0,120.0,360.0,1.0,Rural,Y
288,288,LP001931,Female,No,0,Graduate,No,4124,0.0,115.0,360.0,1.0,Semiurban,N
289,289,LP001935,Male,No,0,Graduate,No,9508,0.0,187.0,360.0,1.0,Rural,Y
290,290,LP001936,Male,Yes,0,Graduate,No,3075,2416.0,139.0,360.0,1.0,Rural,Y
291,291,LP001938,Male,Yes,2,Graduate,No,4400,0.0,127.0,360.0,0.0,Semiurban,N
292,292,LP001940,Male,Yes,2,Graduate,No,3153,1560.0,134.0,360.0,1.0,Urban,N
293,293,LP001945,Female,No,,Graduate,No,5417,0.0,143.0,480.0,0.0,Urban,N
294,294,LP001947,Male,Yes,0,Graduate,No,2383,3334.0,172.0,360.0,1.0,Semiurban,N
295,295,LP001949,Male,Yes,3+,Graduate,,4416,1250.0,110.0,360.0,1.0,Urban,Y
296,296,LP001953,Male,Yes,1,Graduate,No,6875,0.0,200.0,360.0,1.0,Semiurban,Y
297,297,LP001954,Female,Yes,1,Graduate,No,4666,0.0,135.0,360.0,1.0,Urban,N
298,298,LP001955,Female,No,0,Graduate,No,5000,2541.0,151.0,480.0,1.0,Rural,Y
299,299,LP001963,Male,Yes,1,Graduate,No,2014,2925.0,113.0,360.0,1.0,Urban,Y
300,300,LP001964,Male,Yes,0,Not Graduate,No,1800,2934.0,93.0,360.0,0.0,Urban,N
301,301,LP001972,Male,Yes,,Not Graduate,No,2875,1750.0,105.0,360.0,1.0,Semiurban,Y
302,302,LP001974,Female,No,0,Graduate,No,5000,0.0,132.0,360.0,1.0,Rural,Y
303,303,LP001977,Male,Yes,1,Graduate,No,1625,1803.0,96.0,360.0,1.0,Urban,N
304,304,LP001978,Male,No,0,Graduate,No,4000,2500.0,140.0,360.0,1.0,Rural,Y
305,305,LP001990,Male,No,0,Not Graduate,No,2000,0.0,,360.0,1.0,Urban,N
306,306,LP001993,Female,No,0,Graduate,No,3762,1666.0,135.0,360.0,1.0,Rural,Y
307,307,LP001994,Female,No,0,Graduate,No,2400,1863.0,104.0,360.0,0.0,Urban,N
308,308,LP001996,Male,No,0,Graduate,No,20233,0.0,480.0,360.0,1.0,Rural,Y
309,309,LP001998,Male,Yes,2,Not Graduate,No,7667,0.0,185.0,360.0,,Rural,Y
310,310,LP002002,Female,No,0,Graduate,No,2917,0.0,84.0,360.0,1.0,Semiurban,N
311,311,LP002004,Male,No,0,Not Graduate,No,2927,2405.0,111.0,360.0,1.0,Semiurban,Y
312,312,LP002006,Female,No,0,Graduate,No,2507,0.0,56.0,360.0,1.0,Rural,Y
313,313,LP002008,Male,Yes,2,Graduate,Yes,5746,0.0,144.0,84.0,,Rural,Y
314,314,LP002024,,Yes,0,Graduate,No,2473,1843.0,159.0,360.0,1.0,Rural,N
315,315,LP002031,Male,Yes,1,Not Graduate,No,3399,1640.0,111.0,180.0,1.0,Urban,Y
316,316,LP002035,Male,Yes,2,Graduate,No,3717,0.0,120.0,360.0,1.0,Semiurban,N
317,317,LP002036,Male,Yes,0,Graduate,No,2058,2134.0,88.0,360.0,,Urban,Y
318,318,LP002043,Female,No,1,Graduate,No,3541,0.0,112.0,360.0,,Semiurban,N
319,319,LP002050,Male,Yes,1,Graduate,Yes,10000,0.0,155.0,360.0,1.0,Rural,Y
320,320,LP002051,Male,Yes,0,Graduate,No,2400,2167.0,115.0,360.0,1.0,Semiurban,Y
321,321,LP002053,Male,Yes,3+,Graduate,No,4342,189.0,124.0,360.0,1.0,Semiurban,N
322,322,LP002054,Male,Yes,2,Not Graduate,No,3601,1590.0,,360.0,1.0,Rural,Y
323,323,LP002055,Female,No,0,Graduate,No,3166,2985.0,132.0,360.0,,Rural,Y
324,324,LP002065,Male,Yes,3+,Graduate,No,15000,0.0,300.0,360.0,1.0,Rural,Y
325,325,LP002067,Male,Yes,1,Graduate,Yes,8666,4983.0,376.0,360.0,0.0,Rural,Y
326,326,LP002068,Male,No,0,Graduate,No,4917,0.0,130.0,360.0,0.0,Rural,N
327,327,LP002082,Male,Yes,0,Graduate,Yes,5818,2160.0,184.0,360.0,1.0,Semiurban,Y
328,328,LP002086,Female,Yes,0,Graduate,No,4333,2451.0,110.0,360.0,1.0,Urban,Y
329,329,LP002087,Female,No,0,Graduate,No,2500,0.0,67.0,360.0,1.0,Urban,N
330,330,LP002097,Male,No,1,Graduate,No,4384,1793.0,117.0,360.0,1.0,Urban,Y
331,331,LP002098,Male,No,0,Graduate,No,2935,0.0,98.0,360.0,1.0,Semiurban,N
332,332,LP002100,Male,No,,Graduate,No,2833,0.0,71.0,360.0,1.0,Urban,N
333,333,LP002101,Male,Yes,0,Graduate,,63337,0.0,490.0,180.0,1.0,Urban,Y
334,334,LP002103,,Yes,1,Graduate,Yes,9833,1833.0,182.0,180.0,1.0,Urban,Y
335,335,LP002106,Male,Yes,,Graduate,Yes,5503,4490.0,70.0,,1.0,Semiurban,Y
336,336,LP002110,Male,Yes,1,Graduate,,5250,688.0,160.0,360.0,1.0,Rural,Y
337,337,LP002112,Male,Yes,2,Graduate,Yes,2500,4600.0,176.0,360.0,1.0,Rural,Y
338,338,LP002113,Female,No,3+,Not Graduate,No,1830,0.0,,360.0,0.0,Urban,N
339,339,LP002114,Female,No,0,Graduate,No,4160,0.0,71.0,360.0,1.0,Semiurban,Y
340,340,LP002115,Male,Yes,3+,Not Graduate,No,2647,1587.0,173.0,360.0,1.0,Rural,N
341,341,LP002116,Female,No,0,Graduate,No,2378,0.0,46.0,360.0,1.0,Rural,Y
342,342,LP002119,Male,Yes,1,Not Graduate,No,4554,1229.0,158.0,360.0,1.0,Urban,Y
343,343,LP002126,Male,Yes,3+,Not Graduate,No,3173,0.0,74.0,360.0,1.0,Semiurban,Y
344,344,LP002128,Male,Yes,2,Graduate,,2583,2330.0,125.0,360.0,1.0,Rural,Y
345,345,LP002129,Male,Yes,0,Graduate,No,2499,2458.0,160.0,360.0,1.0,Semiurban,N
346,346,LP002130,Male,Yes,,Not Graduate,No,3523,3230.0,152.0,360.0,0.0,Rural,Y
347,347,LP002131,Male,Yes,2,Not Graduate,No,3083,2168.0,126.0,360.0,1.0,Urban,Y
348,348,LP002137,Male,Yes,0,Graduate,No,6333,4583.0,259.0,360.0,,Semiurban,Y
349,349,LP002138,Male,Yes,0,Graduate,No,2625,6250.0,187.0,360.0,1.0,Rural,Y
350,350,LP002139,Male,Yes,0,Graduate,No,9083,0.0,228.0,360.0,1.0,Semiurban,Y
351,351,LP002140,Male,No,0,Graduate,No,8750,4167.0,308.0,360.0,1.0,Rural,Y
352,352,LP002141,Male,Yes,3+,Graduate,No,2666,2083.0,95.0,360.0,1.0,Rural,Y
353,353,LP002142,Female,Yes,0,Graduate,Yes,5500,0.0,105.0,360.0,0.0,Rural,Y
354,354,LP002143,Female,Yes,0,Graduate,No,2423,505.0,130.0,360.0,1.0,Semiurban,N
355,355,LP002144,Female,No,,Graduate,No,3813,0.0,116.0,180.0,1.0,Urban,N
356,356,LP002149,Male,Yes,2,Graduate,No,8333,3167.0,165.0,360.0,1.0,Rural,Y
357,357,LP002151,Male,Yes,1,Graduate,No,3875,0.0,67.0,360.0,1.0,Urban,Y
358,358,LP002158,Male,Yes,0,Not Graduate,No,3000,1666.0,100.0,480.0,0.0,Urban,Y
359,359,LP002160,Male,Yes,3+,Graduate,No,5167,3167.0,200.0,360.0,1.0,Semiurban,Y
360,360,LP002161,Female,No,1,Graduate,No,4723,0.0,81.0,360.0,1.0,Semiurban,Y
361,361,LP002170,Male,Yes,2,Graduate,No,5000,3667.0,236.0,360.0,1.0,Semiurban,Y
362,362,LP002175,Male,Yes,0,Graduate,No,4750,2333.0,130.0,360.0,1.0,Urban,Y
363,363,LP002178,Male,Yes,0,Graduate,No,3013,3033.0,95.0,300.0,,Urban,Y
364,364,LP002180,Male,No,0,Graduate,Yes,6822,0.0,141.0,360.0,1.0,Rural,Y
365,365,LP002181,Male,No,0,Not Graduate,No,6216,0.0,133.0,360.0,1.0,Rural,Y
366,366,LP002187,Male,No,0,Graduate,No,2500,0.0,96.0,480.0,1.0,Semiurban,N
367,367,LP002188,Male,No,0,Graduate,No,5124,0.0,124.0,,0.0,Rural,Y
368,368,LP002190,Male,Yes,1,Graduate,No,6325,0.0,175.0,360.0,1.0,Semiurban,Y
369,369,LP002191,Male,Yes,0,Graduate,No,19730,5266.0,570.0,360.0,1.0,Rural,Y
370,370,LP002194,Female,No,0,Graduate,Yes,15759,0.0,55.0,360.0,1.0,Semiurban,Y
371,371,LP002197,Male,Yes,2,Graduate,No,5185,0.0,155.0,360.0,1.0,Semiurban,Y
372,372,LP002201,Male,Yes,2,Graduate,Yes,9323,7873.0,380.0,300.0,1.0,Rural,Y
373,373,LP002205,Male,No,1,Graduate,No,3062,1987.0,111.0,180.0,0.0,Urban,Y
374,374,LP002209,Female,No,0,Graduate,,2764,1459.0,110.0,360.0,1.0,Urban,Y
375,375,LP002211,Male,Yes,0,Graduate,No,4817,923.0,120.0,180.0,1.0,Urban,Y
376,376,LP002219,Male,Yes,3+,Graduate,No,8750,4996.0,130.0,360.0,1.0,Rural,Y
377,377,LP002223,Male,Yes,0,Graduate,No,4310,0.0,130.0,360.0,,Semiurban,N
378,378,LP002224,Male,No,0,Graduate,No,3069,0.0,71.0,480.0,1.0,Urban,N
379,379,LP002225,Male,Yes,2,Graduate,No,5391,0.0,130.0,360.0,1.0,Urban,Y
380,380,LP002226,Male,Yes,0,Graduate,,3333,2500.0,128.0,360.0,1.0,Semiurban,Y
381,381,LP002229,Male,No,0,Graduate,No,5941,4232.0,296.0,360.0,1.0,Semiurban,Y
382,382,LP002231,Female,No,0,Graduate,No,6000,0.0,156.0,360.0,1.0,Urban,Y
383,383,LP002234,Male,No,0,Graduate,Yes,7167,0.0,128.0,360.0,1.0,Urban,Y
384,384,LP002236,Male,Yes,2,Graduate,No,4566,0.0,100.0,360.0,1.0,Urban,Y
385,385,LP002237,Male,No,1,Graduate,,3667,0.0,113.0,180.0,1.0,Urban,N
386,386,LP002239,Male,No,0,Not Graduate,No,2346,1600.0,132.0,360.0,1.0,Semiurban,N
387,387,LP002243,Male,Yes,0,Not Graduate,No,3010,3136.0,,360.0,0.0,Urban,Y
388,388,LP002244,Male,Yes,0,Graduate,No,2333,2417.0,136.0,360.0,1.0,Urban,N
389,389,LP002250,Male,Yes,0,Graduate,No,5488,0.0,125.0,360.0,1.0,Rural,Y
390,390,LP002255,Male,No,3+,Graduate,No,9167,0.0,185.0,360.0,1.0,Rural,Y
391,391,LP002262,Male,Yes,3+,Graduate,No,9504,0.0,275.0,360.0,1.0,Rural,Y
392,392,LP002263,Male,Yes,0,Graduate,No,2583,2115.0,120.0,360.0,,Urban,Y
393,393,LP002265,Male,Yes,2,Not Graduate,No,1993,1625.0,113.0,180.0,1.0,Semiurban,N
394,394,LP002266,Male,Yes,2,Graduate,No,3100,1400.0,113.0,360.0,1.0,Urban,Y
395,395,LP002272,Male,Yes,2,Graduate,No,3276,484.0,135.0,360.0,,Semiurban,N
396,396,LP002277,Female,No,0,Graduate,No,3180,0.0,71.0,360.0,0.0,Urban,Y
397,397,LP002281,Male,Yes,0,Graduate,No,3033,1459.0,95.0,360.0,1.0,Urban,Y
398,398,LP002284,Male,No,0,Not Graduate,No,3902,1666.0,109.0,360.0,1.0,Rural,Y
399,399,LP002287,Female,No,0,Graduate,No,1500,1800.0,103.0,360.0,0.0,Semiurban,N
400,400,LP002288,Male,Yes,2,Not Graduate,No,2889,0.0,45.0,180.0,0.0,Urban,Y
401,401,LP002296,Male,No,0,Not Graduate,No,2755,0.0,65.0,300.0,1.0,Rural,N
402,402,LP002297,Male,No,0,Graduate,No,2500,20000.0,103.0,360.0,1.0,Semiurban,Y
403,403,LP002300,Female,No,0,Not Graduate,No,1963,0.0,53.0,360.0,1.0,Semiurban,N
404,404,LP002301,Female,No,0,Graduate,Yes,7441,0.0,194.0,360.0,1.0,Rural,Y
405,405,LP002305,Female,No,0,Graduate,No,4547,0.0,115.0,360.0,1.0,Semiurban,Y
406,406,LP002308,Male,Yes,0,Not Graduate,No,2167,2400.0,115.0,360.0,1.0,Urban,Y
407,407,LP002314,Female,No,0,Not Graduate,No,2213,0.0,66.0,360.0,1.0,Rural,N
408,408,LP002315,Male,Yes,1,Graduate,No,8300,0.0,152.0,300.0,0.0,Semiurban,Y
409,409,LP002317,Male,Yes,3+,Graduate,No,81000,0.0,360.0,360.0,0.0,Rural,Y
410,410,LP002318,Female,No,1,Not Graduate,Yes,3867,0.0,62.0,360.0,1.0,Semiurban,Y
411,411,LP002319,Male,Yes,0,Graduate,,6256,0.0,160.0,360.0,,Urban,Y
412,412,LP002328,Male,Yes,0,Not Graduate,No,6096,0.0,218.0,360.0,0.0,Rural,N
413,413,LP002332,Male,Yes,0,Not Graduate,No,2253,2033.0,110.0,360.0,1.0,Rural,N
414,414,LP002335,Female,Yes,0,Not Graduate,No,2149,3237.0,178.0,360.0,0.0,Semiurban,N
415,415,LP002337,Female,No,0,Graduate,No,2995,0.0,60.0,360.0,1.0,Urban,Y
416,416,LP002341,Female,No,1,Graduate,No,2600,0.0,160.0,360.0,1.0,Urban,N
417,417,LP002342,Male,Yes,2,Graduate,Yes,1600,20000.0,239.0,360.0,1.0,Urban,Y
418,418,LP002345,Male,Yes,0,Graduate,No,1025,2773.0,112.0,360.0,1.0,Rural,N
419,419,LP002347,Male,Yes,0,Graduate,No,3246,1417.0,138.0,360.0,1.0,Semiurban,N
420,420,LP002348,Male,Yes,0,Graduate,No,5829,0.0,138.0,360.0,1.0,Rural,Y
421,421,LP002357,Female,No,0,Not Graduate,No,2720,0.0,80.0,,0.0,Urban,N
422,422,LP002361,Male,Yes,0,Graduate,No,1820,1719.0,100.0,360.0,1.0,Urban,N
423,423,LP002362,Male,Yes,1,Graduate,No,7250,1667.0,110.0,,0.0,Urban,Y
424,424,LP002364,Male,Yes,0,Graduate,No,14880,0.0,96.0,360.0,1.0,Semiurban,Y
425,425,LP002366,Male,Yes,0,Graduate,No,2666,4300.0,121.0,360.0,1.0,Rural,Y
426,426,LP002367,Female,No,1,Not Graduate,No,4606,0.0,81.0,360.0,1.0,Rural,Y
427,427,LP002368,Male,Yes,2,Graduate,No,5935,0.0,133.0,360.0,1.0,Semiurban,Y
428,428,LP002369,Male,Yes,0,Graduate,No,2920,16.12000084,87.0,360.0,1.0,Rural,N
429,429,LP002370,Male,No,0,Not Graduate,No,2717,0.0,60.0,180.0,1.0,Urban,Y
430,430,LP002377,Female,No,1,Graduate,Yes,8624,0.0,150.0,360.0,1.0,Semiurban,Y
431,431,LP002379,Male,No,0,Graduate,No,6500,0.0,105.0,360.0,0.0,Rural,Y
432,432,LP002386,Male,No,0,Graduate,,12876,0.0,405.0,360.0,1.0,Semiurban,Y
433,433,LP002387,Male,Yes,0,Graduate,No,2425,2340.0,143.0,360.0,1.0,Semiurban,Y
434,434,LP002390,Male,No,0,Graduate,No,3750,0.0,100.0,360.0,1.0,Urban,Y
435,435,LP002393,Female,,,Graduate,No,10047,0.0,,240.0,1.0,Semiurban,Y
436,436,LP002398,Male,No,0,Graduate,No,1926,1851.0,50.0,360.0,1.0,Semiurban,Y
437,437,LP002401,Male,Yes,0,Graduate,No,2213,1125.0,,360.0,1.0,Urban,N
438,438,LP002403,Male,No,0,Graduate,Yes,10416,0.0,187.0,360.0,0.0,Urban,Y
439,439,LP002407,Female,Yes,0,Not Graduate,Yes,7142,0.0,138.0,360.0,1.0,Rural,Y
440,440,LP002408,Male,No,0,Graduate,No,3660,5064.0,187.0,360.0,1.0,Semiurban,Y
441,441,LP002409,Male,Yes,0,Graduate,No,7901,1833.0,180.0,360.0,1.0,Rural,Y
442,442,LP002418,Male,No,3+,Not Graduate,No,4707,1993.0,148.0,360.0,1.0,Semiurban,Y
443,443,LP002422,Male,No,1,Graduate,No,37719,0.0,152.0,360.0,1.0,Semiurban,Y
444,444,LP002424,Male,Yes,0,Graduate,No,7333,8333.0,175.0,300.0,,Rural,Y
445,445,LP002429,Male,Yes,1,Graduate,Yes,3466,1210.0,130.0,360.0,1.0,Rural,N
446,446,LP002434,Male,Yes,2,Not Graduate,No,4652,0.0,110.0,360.0,1.0,Rural,Y
447,447,LP002435,Male,Yes,0,Graduate,,3539,1376.0,55.0,360.0,1.0,Rural,Y
448,448,LP002443,Male,Yes,2,Graduate,No,3340,1710.0,150.0,360.0,0.0,Rural,N
449,449,LP002444,Male,No,1,Not Graduate,Yes,2769,1542.0,190.0,360.0,,Semiurban,N
450,450,LP002446,Male,Yes,2,Not Graduate,No,2309,1255.0,125.0,360.0,0.0,Rural,N
451,451,LP002447,Male,Yes,2,Not Graduate,No,1958,1456.0,60.0,300.0,,Urban,Y
452,452,LP002448,Male,Yes,0,Graduate,No,3948,1733.0,149.0,360.0,0.0,Rural,Y
453,453,LP002449,Male,Yes,0,Graduate,No,2483,2466.0,90.0,180.0,0.0,Rural,Y
454,454,LP002453,Male,No,0,Graduate,Yes,7085,0.0,84.0,360.0,1.0,Semiurban,Y
455,455,LP002455,Male,Yes,2,Graduate,No,3859,0.0,96.0,360.0,1.0,Semiurban,Y
456,456,LP002459,Male,Yes,0,Graduate,No,4301,0.0,118.0,360.0,1.0,Urban,Y
457,457,LP002467,Male,Yes,0,Graduate,No,3708,2569.0,173.0,360.0,1.0,Urban,Y
458,458,LP002472,Male,No,2,Graduate,No,4354,0.0,136.0,360.0,1.0,Rural,N
459,459,LP002473,Male,Yes,0,Graduate,No,8334,0.0,160.0,360.0,1.0,Semiurban,Y
460,460,LP002478,,Yes,0,Graduate,Yes,2083,4083.0,160.0,360.0,,Semiurban,Y
461,461,LP002484,Male,Yes,3+,Graduate,No,7740,0.0,128.0,180.0,1.0,Urban,Y
462,462,LP002487,Male,Yes,0,Graduate,No,3015,2188.0,153.0,360.0,1.0,Rural,Y
463,463,LP002489,Female,No,1,Not Graduate,,5191,0.0,132.0,360.0,1.0,Semiurban,Y
464,464,LP002493,Male,No,0,Graduate,No,4166,0.0,98.0,360.0,0.0,Semiurban,N
465,465,LP002494,Male,No,0,Graduate,No,6000,0.0,140.0,360.0,1.0,Rural,Y
466,466,LP002500,Male,Yes,3+,Not Graduate,No,2947,1664.0,70.0,180.0,0.0,Urban,Y
467,467,LP002501,,Yes,0,Graduate,No,16692,0.0,110.0,360.0,1.0,Semiurban,Y
468,468,LP002502,Female,Yes,2,Not Graduate,,210,2917.0,98.0,360.0,1.0,Semiurban,N
469,469,LP002505,Male,Yes,0,Graduate,No,4333,2451.0,110.0,360.0,1.0,Urban,Y
470,470,LP002515,Male,Yes,1,Graduate,Yes,3450,2079.0,162.0,360.0,1.0,Semiurban,Y
471,471,LP002517,Male,Yes,1,Not Graduate,No,2653,1500.0,113.0,180.0,0.0,Rural,N
472,472,LP002519,Male,Yes,3+,Graduate,No,4691,0.0,100.0,360.0,1.0,Semiurban,Y
473,473,LP002522,Female,No,0,Graduate,Yes,2500,0.0,93.0,360.0,,Urban,N
474,474,LP002524,Male,No,2,Graduate,No,5532,4648.0,162.0,360.0,1.0,Rural,Y
475,475,LP002527,Male,Yes,2,Graduate,Yes,16525,1014.0,150.0,360.0,1.0,Rural,Y
476,476,LP002529,Male,Yes,2,Graduate,No,6700,1750.0,230.0,300.0,1.0,Semiurban,Y
477,477,LP002530,,Yes,2,Graduate,No,2873,1872.0,132.0,360.0,0.0,Semiurban,N
478,478,LP002531,Male,Yes,1,Graduate,Yes,16667,2250.0,86.0,360.0,1.0,Semiurban,Y
479,479,LP002533,Male,Yes,2,Graduate,No,2947,1603.0,,360.0,1.0,Urban,N
480,480,LP002534,Female,No,0,Not Graduate,No,4350,0.0,154.0,360.0,1.0,Rural,N
481,481,LP002536,Male,Yes,3+,Not Graduate,No,3095,0.0,113.0,360.0,1.0,Rural,N
482,482,LP002537,Male,Yes,0,Graduate,No,2083,3150.0,128.0,360.0,1.0,Semiurban,Y
483,483,LP002541,Male,Yes,0,Graduate,No,10833,0.0,234.0,360.0,1.0,Semiurban,Y
484,484,LP002543,Male,Yes,2,Graduate,No,8333,0.0,246.0,360.0,1.0,Semiurban,Y
485,485,LP002544,Male,Yes,1,Not Graduate,No,1958,2436.0,131.0,360.0,1.0,Rural,N
486,486,LP002545,Male,No,2,Graduate,No,3547,0.0,80.0,360.0,0.0,Rural,Y
487,487,LP002547,Male,Yes,1,Graduate,No,18333,0.0,500.0,360.0,1.0,Urban,Y
488,488,LP002555,Male,Yes,2,Graduate,Yes,4583,2083.0,160.0,360.0,1.0,Semiurban,Y
489,489,LP002556,Male,No,0,Graduate,No,2435,0.0,75.0,360.0,1.0,Urban,N
490,490,LP002560,Male,No,0,Not Graduate,No,2699,2785.0,96.0,360.0,,Semiurban,Y
491,491,LP002562,Male,Yes,1,Not Graduate,No,5333,1131.0,186.0,360.0,,Urban,N
492,492,LP002571,Male,No,0,Not Graduate,No,3691,0.0,110.0,360.0,1.0,Rural,N
493,493,LP002582,Female,No,0,Not Graduate,Yes,17263,0.0,225.0,360.0,1.0,Semiurban,Y
494,494,LP002585,Male,Yes,0,Graduate,No,3597,2157.0,119.0,360.0,0.0,Rural,Y
495,495,LP002586,Female,Yes,1,Graduate,No,3326,913.0,105.0,84.0,1.0,Semiurban,Y
496,496,LP002587,Male,Yes,0,Not Graduate,No,2600,1700.0,107.0,360.0,1.0,Rural,Y
497,497,LP002588,Male,Yes,0,Graduate,No,4625,2857.0,111.0,12.0,,Urban,Y
498,498,LP002600,Male,Yes,1,Graduate,Yes,2895,0.0,95.0,360.0,1.0,Semiurban,N
499,499,LP002602,Male,No,0,Graduate,No,6283,4416.0,209.0,360.0,0.0,Rural,Y
500,500,LP002603,Female,No,0,Graduate,No,645,3683.0,113.0,480.0,1.0,Rural,N
501,501,LP002606,Female,No,0,Graduate,No,3159,0.0,100.0,360.0,1.0,Semiurban,N
502,502,LP002615,Male,Yes,2,Graduate,No,4865,5624.0,208.0,360.0,1.0,Semiurban,Y
503,503,LP002618,Male,Yes,1,Not Graduate,No,4050,5302.0,138.0,360.0,,Rural,Y
504,504,LP002619,Male,Yes,0,Not Graduate,No,3814,1483.0,124.0,300.0,1.0,Semiurban,Y
505,505,LP002622,Male,Yes,2,Graduate,No,3510,4416.0,243.0,360.0,1.0,Rural,Y
506,506,LP002624,Male,Yes,0,Graduate,No,20833,6667.0,480.0,360.0,,Urban,Y
507,507,LP002625,,No,0,Graduate,No,3583,0.0,96.0,360.0,1.0,Urban,N
508,508,LP002626,Male,Yes,0,Graduate,Yes,2479,3013.0,188.0,360.0,1.0,Urban,N
509,509,LP002634,Female,No,1,Graduate,No,13262,0.0,40.0,360.0,1.0,Urban,Y
510,510,LP002637,Male,No,0,Not Graduate,No,3598,1287.0,100.0,360.0,1.0,Rural,Y
511,511,LP002640,Male,Yes,1,Graduate,No,6065,2004.0,250.0,360.0,1.0,Semiurban,Y
512,512,LP002643,Male,Yes,2,Graduate,No,3283,2035.0,148.0,360.0,1.0,Urban,Y
513,513,LP002648,Male,Yes,0,Graduate,No,2130,6666.0,70.0,180.0,1.0,Semiurban,Y
514,514,LP002652,Male,No,0,Graduate,No,5815,3666.0,311.0,360.0,1.0,Rural,Y
515,515,LP002659,Male,Yes,3+,Graduate,No,3466,3428.0,150.0,360.0,1.0,Rural,Y
516,516,LP002670,Female,Yes,2,Graduate,No,2031,1632.0,113.0,480.0,1.0,Semiurban,N
517,517,LP002682,Male,Yes,,Not Graduate,No,3074,1800.0,123.0,360.0,0.0,Semiurban,N
518,518,LP002683,Male,No,0,Graduate,No,4683,1915.0,185.0,360.0,1.0,Semiurban,Y
519,519,LP002684,Female,No,0,Not Graduate,No,3400,0.0,95.0,360.0,1.0,Rural,N
520,520,LP002689,Male,Yes,2,Not Graduate,No,2192,1742.0,45.0,360.0,1.0,Semiurban,Y
521,521,LP002690,Male,No,0,Graduate,No,2500,0.0,55.0,360.0,1.0,Semiurban,N
522,522,LP002692,Male,Yes,3+,Graduate,Yes,5677,1424.0,100.0,360.0,1.0,Rural,Y
523,523,LP002693,Male,Yes,2,Graduate,Yes,7948,7166.0,480.0,360.0,1.0,Rural,Y
524,524,LP002697,Male,No,0,Graduate,No,4680,2087.0,,360.0,1.0,Semiurban,Y
525,525,LP002699,Male,Yes,2,Graduate,Yes,17500,0.0,400.0,360.0,1.0,Rural,Y
526,526,LP002705,Male,Yes,0,Graduate,No,3775,0.0,110.0,360.0,1.0,Semiurban,N
527,527,LP002706,Male,Yes,1,Not Graduate,No,5285,1430.0,161.0,360.0,0.0,Semiurban,N
528,528,LP002714,Male,No,1,Not Graduate,No,2679,1302.0,94.0,360.0,1.0,Semiurban,N
529,529,LP002716,Male,No,0,Not Graduate,No,6783,0.0,130.0,360.0,1.0,Semiurban,Y
530,530,LP002717,Male,Yes,0,Graduate,No,1025,5500.0,216.0,360.0,,Rural,N
531,531,LP002720,Male,Yes,3+,Graduate,No,4281,0.0,100.0,360.0,1.0,Urban,Y
532,532,LP002723,Male,No,2,Graduate,No,3588,0.0,110.0,360.0,0.0,Rural,N
533,533,LP002729,Male,No,1,Graduate,No,11250,0.0,196.0,360.0,,Semiurban,Y
534,534,LP002731,Female,No,0,Not Graduate,Yes,18165,0.0,125.0,360.0,1.0,Urban,Y
535,535,LP002732,Male,No,0,Not Graduate,,2550,2042.0,126.0,360.0,1.0,Rural,Y
536,536,LP002734,Male,Yes,0,Graduate,No,6133,3906.0,324.0,360.0,1.0,Urban,Y
537,537,LP002738,Male,No,2,Graduate,No,3617,0.0,107.0,360.0,1.0,Semiurban,N
538,538,LP002739,Male,Yes,0,Not Graduate,No,2917,536.0,66.0,360.0,1.0,Rural,Y
539,539,LP002740,Male,Yes,3+,Graduate,No,6417,0.0,157.0,180.0,1.0,Rural,Y
540,540,LP002741,Female,Yes,1,Graduate,No,4608,2845.0,140.0,180.0,1.0,Semiurban,Y
541,541,LP002743,Female,No,0,Graduate,No,2138,0.0,99.0,360.0,0.0,Semiurban,N
542,542,LP002753,Female,No,1,Graduate,,3652,0.0,95.0,360.0,1.0,Semiurban,N
543,543,LP002755,Male,Yes,1,Not Graduate,No,2239,2524.0,128.0,360.0,1.0,Urban,N
544,544,LP002757,Female,Yes,0,Not Graduate,No,3017,663.0,102.0,360.0,,Semiurban,N
545,545,LP002767,Male,Yes,0,Graduate,No,2768,1950.0,155.0,360.0,1.0,Rural,N
546,546,LP002768,Male,No,0,Not Graduate,No,3358,0.0,80.0,36.0,1.0,Semiurban,N
547,547,LP002772,Male,No,0,Graduate,No,2526,1783.0,145.0,360.0,1.0,Rural,N
548,548,LP002776,Female,No,0,Graduate,No,5000,0.0,103.0,360.0,0.0,Semiurban,Y
549,549,LP002777,Male,Yes,0,Graduate,No,2785,2016.0,110.0,360.0,1.0,Rural,Y
550,550,LP002778,Male,Yes,2,Graduate,Yes,6633,0.0,,360.0,0.0,Rural,Y
551,551,LP002784,Male,Yes,1,Not Graduate,No,2492,2375.0,,360.0,1.0,Rural,N
552,552,LP002785,Male,Yes,1,Graduate,No,3333,3250.0,158.0,360.0,1.0,Urban,Y
553,553,LP002788,Male,Yes,0,Not Graduate,No,2454,2333.0,181.0,360.0,0.0,Urban,N
554,554,LP002789,Male,Yes,0,Graduate,No,3593,4266.0,132.0,180.0,0.0,Rural,Y
555,555,LP002792,Male,Yes,1,Graduate,No,5468,1032.0,26.0,360.0,1.0,Semiurban,Y
556,556,LP002794,Female,No,0,Graduate,No,2667,1625.0,84.0,360.0,,Urban,Y
557,557,LP002795,Male,Yes,3+,Graduate,Yes,10139,0.0,260.0,360.0,1.0,Semiurban,Y
558,558,LP002798,Male,Yes,0,Graduate,No,3887,2669.0,162.0,360.0,1.0,Semiurban,Y
559,559,LP002804,Female,Yes,0,Graduate,No,4180,2306.0,182.0,360.0,1.0,Semiurban,Y
560,560,LP002807,Male,Yes,2,Not Graduate,No,3675,242.0,108.0,360.0,1.0,Semiurban,N
561,561,LP002813,Female,Yes,1,Graduate,Yes,19484,0.0,600.0,360.0,1.0,Semiurban,Y
562,562,LP002820,Male,Yes,0,Graduate,No,5923,2054.0,211.0,360.0,1.0,Rural,Y
563,563,LP002821,Male,No,0,Not Graduate,Yes,5800,0.0,132.0,360.0,1.0,Semiurban,Y
564,564,LP002832,Male,Yes,2,Graduate,No,8799,0.0,258.0,360.0,0.0,Urban,Y
565,565,LP002833,Male,Yes,0,Not Graduate,No,4467,0.0,120.0,360.0,,Rural,N
566,566,LP002836,Male,No,0,Graduate,No,3333,0.0,70.0,360.0,1.0,Urban,Y
567,567,LP002837,Male,Yes,3+,Graduate,No,3400,2500.0,123.0,360.0,0.0,Rural,Y
568,568,LP002840,Female,No,0,Graduate,No,2378,0.0,9.0,360.0,1.0,Urban,Y
569,569,LP002841,Male,Yes,0,Graduate,No,3166,2064.0,104.0,360.0,0.0,Urban,Y
570,570,LP002842,Male,Yes,1,Graduate,No,3417,1750.0,186.0,360.0,1.0,Urban,N
571,571,LP002847,Male,Yes,,Graduate,No,5116,1451.0,165.0,360.0,0.0,Urban,Y
572,572,LP002855,Male,Yes,2,Graduate,No,16666,0.0,275.0,360.0,1.0,Urban,Y
573,573,LP002862,Male,Yes,2,Not Graduate,No,6125,1625.0,187.0,480.0,1.0,Semiurban,Y
574,574,LP002863,Male,Yes,3+,Graduate,No,6406,0.0,150.0,360.0,1.0,Semiurban,Y
575,575,LP002868,Male,Yes,2,Graduate,No,3159,461.0,108.0,84.0,1.0,Urban,N
576,576,LP002872,,Yes,0,Graduate,No,3087,2210.0,136.0,360.0,0.0,Semiurban,N
577,577,LP002874,Male,No,0,Graduate,No,3229,2739.0,110.0,360.0,1.0,Urban,Y
578,578,LP002877,Male,Yes,1,Graduate,No,1782,2232.0,107.0,360.0,1.0,Rural,Y
579,579,LP002888,Male,No,0,Graduate,,3182,2917.0,161.0,360.0,1.0,Urban,Y
580,580,LP002892,Male,Yes,2,Graduate,No,6540,0.0,205.0,360.0,1.0,Semiurban,N
581,581,LP002893,Male,No,0,Graduate,No,1836,33837.0,90.0,360.0,1.0,Urban,Y
582,582,LP002894,Female,Yes,0,Graduate,No,3166,0.0,36.0,360.0,1.0,Semiurban,Y
583,583,LP002898,Male,Yes,1,Graduate,No,1880,0.0,61.0,360.0,,Rural,N
584,584,LP002911,Male,Yes,1,Graduate,No,2787,1917.0,146.0,360.0,0.0,Rural,N
585,585,LP002912,Male,Yes,1,Graduate,No,4283,3000.0,172.0,84.0,1.0,Rural,Y
586,586,LP002916,Male,Yes,0,Graduate,No,2297,1522.0,104.0,360.0,1.0,Urban,Y
587,587,LP002917,Female,No,0,Not Graduate,No,2165,0.0,70.0,360.0,1.0,Semiurban,N
588,588,LP002925,,No,0,Graduate,No,4750,0.0,94.0,360.0,1.0,Semiurban,Y
589,589,LP002926,Male,Yes,2,Graduate,Yes,2726,0.0,106.0,360.0,0.0,Semiurban,N
590,590,LP002928,Male,Yes,0,Graduate,No,3000,3416.0,56.0,180.0,1.0,Semiurban,Y
591,591,LP002931,Male,Yes,2,Graduate,Yes,6000,0.0,205.0,240.0,1.0,Semiurban,N
592,592,LP002933,,No,3+,Graduate,Yes,9357,0.0,292.0,360.0,1.0,Semiurban,N
593,593,LP002936,Male,Yes,0,Graduate,No,3859,3300.0,142.0,180.0,1.0,Rural,Y
594,594,LP002938,Male,Yes,0,Graduate,Yes,16120,0.0,260.0,360.0,1.0,Urban,Y
595,595,LP002940,Male,No,0,Not Graduate,No,3833,0.0,110.0,360.0,1.0,Rural,N
596,596,LP002941,Male,Yes,2,Not Graduate,Yes,6383,1000.0,187.0,360.0,1.0,Rural,Y
597,597,LP002943,Male,No,,Graduate,No,2987,0.0,88.0,360.0,0.0,Semiurban,N
598,598,LP002945,Male,Yes,0,Graduate,Yes,9963,0.0,180.0,360.0,1.0,Rural,Y
599,599,LP002948,Male,Yes,2,Graduate,No,5780,0.0,192.0,360.0,1.0,Urban,N
600,600,LP002949,Female,No,3+,Graduate,,416,41667.0,350.0,180.0,,Urban,Y
601,601,LP002950,Male,Yes,0,Not Graduate,,2894,2792.0,155.0,360.0,1.0,Rural,N
602,602,LP002953,Male,Yes,3+,Graduate,No,5703,0.0,128.0,360.0,1.0,Urban,Y
603,603,LP002958,Male,No,0,Graduate,No,3676,4301.0,172.0,360.0,1.0,Rural,Y
604,604,LP002959,Female,Yes,1,Graduate,No,12000,0.0,496.0,360.0,1.0,Semiurban,N
605,605,LP002960,Male,Yes,0,Not Graduate,No,2400,3800.0,,180.0,1.0,Urban,Y
606,606,LP002961,Male,Yes,1,Graduate,No,3400,2500.0,173.0,360.0,1.0,Semiurban,Y
607,607,LP002964,Male,Yes,2,Not Graduate,No,3987,1411.0,157.0,360.0,1.0,Rural,N
608,608,LP002974,Male,Yes,0,Graduate,No,3232,1950.0,108.0,360.0,1.0,Rural,Y
609,609,LP002978,Female,No,0,Graduate,No,2900,0.0,71.0,360.0,1.0,Rural,Y
610,610,LP002979,Male,Yes,3+,Graduate,No,4106,0.0,40.0,180.0,1.0,Rural,Y
611,611,LP002983,Male,Yes,1,Graduate,No,8072,240.0,253.0,360.0,1.0,Urban,Y
612,612,LP002984,Male,Yes,2,Graduate,No,7583,0.0,187.0,360.0,1.0,Urban,Y
613,613,LP002990,Female,No,0,Graduate,Yes,4583,0.0,133.0,360.0,0.0,Semiurban,N
